D1,D2,D3,D4
6.613001419,2.646917421,4.131811895,3.5
10.50165504,2.641221634,2.007185047,2.5
-1.776540583,2.422601328,0.936656445,6.5
7.586519961,6.173623354,-0.387576424,9.5
5.95629572,5.487359723,2.631529301,6.5
1.076935111,5.176259957,6.626154509,0.5
3.699223933,5.854574459,4.094156914,3.5
6.0278734,8.169490905,2.449914644,1.5
15.73519082,3.665204258,-0.195780245,2.5
13.30831109,5.092889707,-0.451723041,0.5
0.95033918,2.319462525,0.939950929,9.5
14.1047704,3.838905095,-5.484363801,7.5
7.176212675,7.293268888,2.834776922,3.5
4.81083538,1.32304486,4.486988984,8.5
7.144228711,9.950275146,2.221167624,7.5
4.385101825,12.94351985,1.345832586,6.5
4.627566955,5.035955444,4.705792213,3.5
9.469092823,4.781248777,1.144514355,3.5
9.227103469,0.79464964,0.841253719,0.5
9.25157724,2.285392946,3.851936763,3.5
7.014491401,1.789118709,2.011020816,5.5
1.377539232,13.96414852,0.731018294,4.5
7.151715954,3.558866129,3.71665307,6.5
9.890705867,8.974182881,1.038447107,5.5
6.466681311,8.110004848,4.979414414,8.5
8.10407903,3.303828108,0.741217587,0.5
7.1806554,3.511022686,0.812098487,4.5
4.089677226,6.483444292,0.742611918,5.5
5.881614401,3.805478385,2.712503299,1.5
2.638151589,7.939876767,4.610171566,6.5
7.665186895,4.931681134,2.731348902,0.5
1.558789679,4.485877624,3.544155752,5.5
1.793388625,7.086749028,4.510652007,8.5
2.571503917,2.496145242,1.743330313,4.5
-3.832852486,2.943496716,3.897246692,4.5
9.315140878,3.83490789,1.751000932,1.5
5.975571618,2.19160002,6.19988107,0.5
2.735215042,2.089739694,2.520563687,7.5
9.11089562,10.94015785,0.909041552,7.5
-0.134549257,7.365843379,2.200863021,2.5
4.693272662,5.457876018,0.534191824,1.5
4.275658875,1.515242953,-1.048316363,3.5
5.957620217,7.102705205,2.699560587,8.5
5.93857579,6.17403929,2.465717878,8.5
2.405360248,1.083622724,3.308002259,6.5
4.909846111,8.881167743,0.310090928,9.5
4.505362942,1.206747117,0.389769865,9.5
6.883121863,1.281484076,1.018498353,1.5
8.279797007,2.762160345,-0.011419384,6.5
8.327819893,1.30618139,7.382708507,4.5
2.409041534,4.966269443,2.743067043,0.5
5.232077273,2.373530084,0.693747351,8.5
1.357648869,3.908412721,2.848645811,4.5
1.659497776,4.384594519,4.459056528,7.5
4.979452016,5.006463821,3.355193573,0.5
9.597890925,2.937306091,3.83329929,2.5
2.691002259,4.347785505,2.961490965,6.5
6.114136438,12.16527474,-1.014289798,1.5
4.323246793,4.167455035,0.480213359,6.5
8.352068416,1.927979086,4.119685546,3.5
1.732807115,9.963857941,1.603830101,7.5
5.097672392,6.858741703,2.518402924,6.5
6.657581063,2.826720807,3.10984901,3.5
8.301830654,2.323955402,-0.042843353,3.5
9.632635687,5.217134913,2.38022558,3.5
5.2577934,3.196634468,1.130423323,9.5
0.525229068,7.112919416,-0.948333312,4.5
2.773094488,4.809772618,2.786465939,4.5
1.8152548,4.672846874,0.311837596,4.5
12.05137167,5.821520498,0.994331111,9.5
3.153194356,5.773209589,-0.678439695,2.5
7.244230351,4.279600125,0.794072629,8.5
4.422744468,9.708384436,2.879064849,0.5
7.665831276,11.22288463,5.143012536,3.5
2.70545229,3.140748507,-0.263097383,7.5
0.793193092,2.310344308,2.690637333,3.5
0.732872225,6.415479195,3.046775355,6.5
6.46458173,5.24229552,4.087928018,4.5
4.46787453,2.242516345,4.519738124,0.5
4.411839537,4.026824842,-0.211759014,5.5
9.257930452,5.385633697,2.122746293,6.5
5.874753122,3.063072193,4.461387372,6.5
5.59343316,1.945724257,3.090211464,3.5
9.76309727,2.060609902,4.799951905,4.5
2.586602131,2.755436929,4.432976639,7.5
7.089873248,4.366845126,6.687599207,8.5
7.505264495,20.10405451,-3.240046522,0.5
4.268854579,4.196784052,1.336298875,0.5
5.647010259,1.758290239,1.322732944,6.5
1.502468206,1.874062635,-0.847245613,7.5
1.556141663,5.370840343,0.957526568,9.5
5.314624148,3.563139509,4.844466408,1.5
7.166762097,10.27450116,2.118586926,3.5
12.75647376,1.084220724,3.921170461,6.5
2.999327988,5.6199267,5.269814441,3.5
5.561993074,3.518146014,1.419462008,8.5
4.752516724,2.178109622,1.180765257,2.5
-0.799068754,2.528589475,-0.634239294,1.5
3.683101538,3.206308748,1.445406471,6.5
-0.384036524,9.605761392,0.570614555,2.5
7.521126589,12.19083931,1.561429134,8.5
2.335903753,1.310588011,1.548833766,7.5
5.300278499,7.707692932,0.543271994,4.5
3.36641321,4.822351855,-0.289365574,0.5
5.910562384,6.476361343,1.244625376,1.5
3.199020314,2.836511283,2.029251807,2.5
6.469895964,3.141113693,0.20865745,8.5
7.218089371,6.807155357,2.704478749,6.5
10.13566335,4.842931595,1.711743985,3.5
4.417629393,11.45214621,1.478687211,2.5
-1.415065808,2.834467182,3.82346658,4.5
2.481233758,7.056836805,6.61236484,9.5
9.063782984,6.723660209,3.695286875,9.5
1.783534135,4.220041361,3.285381739,5.5
7.882861609,2.399574453,2.009440089,6.5
5.3721494,4.352000046,2.259573024,7.5
9.310089868,2.272305066,3.162858545,0.5
-0.882699998,4.071011809,0.894039434,5.5
4.406905322,8.888373822,-0.98511759,0.5
1.376463544,6.127282089,2.858223714,4.5
13.72402409,2.063205418,0.5962675,4.5
7.475656683,3.38776909,2.787433984,0.5
9.136915934,9.602108755,0.33891547,0.5
1.825459226,7.453966107,-0.506834347,9.5
3.594153257,5.348640192,-0.806860234,5.5
4.182591772,8.273911712,2.562202924,3.5
8.295273854,7.461016257,5.909078401,3.5
4.166384202,3.223086908,2.400876093,1.5
7.104624374,4.440847094,2.981007037,1.5
-1.1554489,11.91761826,2.287618068,3.5
3.938450007,18.36564807,2.460191771,3.5
2.529240425,6.215903303,6.730950178,7.5
0.268828932,2.398378568,0.437463571,4.5
6.523923953,1.493357079,1.682221453,4.5
5.845952191,5.1839735,0.652581295,1.5
5.100439647,10.09045246,3.428096388,8.5
0.99896617,7.662103605,2.510378474,6.5
8.382476835,6.585564927,1.345475425,8.5
6.050538232,4.811397366,3.484214188,6.5
4.102801909,3.021668919,-0.011407871,9.5
5.068669378,9.582782075,2.238841355,9.5
4.214013695,4.494395057,2.400883513,2.5
-0.250637105,2.724827562,5.147702477,6.5
4.143047085,4.114991697,3.077255155,7.5
2.505900465,14.46858022,2.066121414,4.5
2.062381084,6.802785803,-0.683492161,8.5
1.530795033,5.740631633,-0.941816814,1.5
3.399328672,1.847610879,3.181261903,1.5
-1.007907208,3.247242609,0.599632762,0.5
7.892688268,1.993515789,1.517618578,1.5
6.560180304,11.9978638,0.261166063,5.5
4.939916445,4.307781531,2.363206362,5.5
4.895686742,8.928489275,2.455759689,3.5
2.605509246,5.610452319,5.489439867,3.5
8.056055846,3.686927026,5.63574826,0.5
4.600347561,11.41533362,4.123265809,8.5
2.856409509,1.664274168,4.167970771,6.5
9.054157305,4.06775534,-0.339344018,4.5
4.325686832,3.719558557,4.551546938,2.5
3.232912908,3.455859785,0.116855204,8.5
4.118739207,3.345264844,-1.198900831,8.5
2.456221269,4.867105026,8.332506226,8.5
1.639615096,3.899405277,2.637334624,4.5
12.57799908,5.827338279,0.674126648,9.5
9.966492779,6.427168839,2.015851789,8.5
5.922605478,6.343021495,2.138018838,0.5
1.228644922,0.920837234,-2.140056065,2.5
2.403595908,0.993033036,0.568899872,8.5
4.470397657,2.75318998,3.058638907,4.5
7.374248185,4.454130198,2.071080622,4.5
1.003986736,2.729566033,-1.325789713,9.5
-1.989601467,7.068593321,1.01701534,9.5
0.652708121,5.285955199,1.699866243,7.5
6.000532499,4.749499814,2.162664693,5.5
6.174060813,2.853358126,-1.357553943,9.5
6.355038257,4.18626906,2.510672174,4.5
4.609146041,9.307257249,5.058102687,1.5
5.551067288,3.618990511,-1.185453205,3.5
3.57154095,2.860872883,2.87758058,2.5
7.586064835,7.956399933,4.687302834,5.5
0.914916587,7.046207956,2.760695417,0.5
6.365088669,2.875154275,3.17812851,0.5
2.45387186,5.602166278,1.049923584,1.5
3.995339183,5.751049523,1.629621931,9.5
6.658350038,4.80196874,-0.289430847,8.5
8.117271961,3.824292413,1.756987877,7.5
1.64708395,7.545670596,0.894764048,9.5
8.781976127,6.153299319,0.683934449,9.5
6.980429423,3.351946838,4.894501996,9.5
4.796403339,5.003116861,1.765885271,1.5
4.414336406,4.881531189,3.25986958,9.5
4.34718095,4.017003752,2.750614392,5.5
4.090677136,6.201667022,-0.029774671,0.5
5.069136873,3.895746234,-1.779716432,3.5
5.153871068,5.082637575,-0.867512984,8.5
7.478188371,3.529529703,2.551882045,8.5
9.58093006,11.82694328,1.397583949,0.5
6.400743307,7.245171568,3.519005818,6.5
4.370859985,2.943256508,1.24010503,8.5
6.875571071,4.043735826,-0.644605861,2.5
5.549681789,1.229189163,2.192663154,0.5
1.910697369,2.462710096,4.202095832,2.5
7.847665493,4.335176829,2.530837664,1.5
5.921185757,5.635945402,1.628089281,4.5
5.405524826,7.389268937,1.158133672,4.5
6.545739007,1.077109727,4.536244229,3.5
5.784218972,3.550316285,3.828614313,8.5
2.175542687,4.158773064,1.140697089,4.5
4.512986982,4.888862064,-0.692787686,2.5
4.561836097,6.689732758,0.172899272,0.5
3.40396587,10.02967148,2.666653388,2.5
10.04631078,4.445463092,-0.185177533,2.5
2.372811962,4.788695463,1.226097783,0.5
3.54855485,10.5458171,1.755129645,7.5
2.863986353,13.35221758,0.680444955,0.5
1.477363006,4.367219444,0.751045122,6.5
4.423281447,0.965387539,1.547375035,4.5
4.17778931,5.01107043,0.898318093,2.5
9.590217543,2.093348138,-0.684530165,6.5
4.252925772,4.547036819,3.473178497,3.5
1.807359761,7.03530398,0.160902252,1.5
9.810371894,3.67739716,4.07007859,5.5
8.704037441,6.385713791,1.313185259,1.5
4.311120647,5.202542658,1.384234285,8.5
0.481520888,4.864730387,4.591141651,6.5
3.666116551,2.788384848,2.522177115,8.5
4.532176893,5.4841273,1.195455197,7.5
5.828204762,3.491380532,0.346088706,8.5
4.216509063,3.668327246,0.965565846,6.5
6.330265739,3.43932828,2.799818734,7.5
6.175682628,3.961766238,3.694268466,6.5
1.24796328,3.153807176,2.096021913,3.5
2.156117233,2.26353421,1.014153849,5.5
2.776681718,2.984892999,2.67087415,8.5
3.476547349,2.567101064,3.342428897,0.5
4.03827348,1.672982439,1.156675295,5.5
5.037407124,5.414576276,4.886253006,4.5
-4.087532024,8.509404417,1.271438017,9.5
3.628956077,3.279229922,3.796576301,6.5
8.727345219,3.395897241,3.936687656,9.5
1.799895803,1.843051879,2.113254853,5.5
7.801184488,2.498065333,1.830667068,8.5
6.050963004,0.653942211,3.744020822,4.5
4.912982709,13.29131272,-1.607310655,5.5
5.547356503,3.039894485,2.067480154,1.5
0.304831958,3.101740615,2.138277219,6.5
4.746381561,2.152277937,2.731173557,9.5
9.811839052,4.226930591,0.23028061,5.5
5.295043324,0.799059129,-0.820350732,4.5
5.12412084,3.682042905,-3.276759211,7.5
2.797492662,8.877185236,3.090203367,0.5
4.90755881,5.666953004,4.156012686,8.5
5.697041038,4.582496776,1.111339278,0.5
6.279162672,2.957523101,6.758653956,5.5
3.881573775,2.281874892,0.718049163,6.5
4.290636249,6.838616343,-0.622563179,5.5
11.07107266,3.292450235,1.708623878,4.5
-1.775061911,5.649106242,2.211570072,3.5
11.68833704,7.85330129,3.364704595,6.5
6.012691102,2.721156384,2.242079597,9.5
8.000182459,4.10423577,0.472757706,6.5
0.007506575,1.369177777,-1.046046143,9.5
3.229896307,9.347040098,0.826614136,0.5
4.165807509,2.741893621,-0.727487889,5.5
6.268147074,3.563491447,3.447189583,1.5
-0.010602094,4.748482516,1.792744846,5.5
6.414902979,4.580888367,-1.706011636,6.5
1.361458401,3.335944232,2.73118935,1.5
5.198570145,3.55380984,0.155183786,7.5
6.957067666,7.088693616,4.700755067,3.5
5.981179902,2.830116748,2.104395733,8.5
8.247900513,6.107967477,2.458466538,3.5
8.018231332,4.660584128,0.425241327,0.5
3.04727679,2.139234591,3.046032806,2.5
5.771168472,8.62639596,2.129806078,0.5
2.166866581,4.888424541,2.432334264,9.5
1.034634436,6.290903683,1.359453215,0.5
7.7744778,4.388838846,3.286760006,1.5
5.000149547,0.680009745,-2.878412283,0.5
4.835243256,3.458186212,2.331360696,2.5
7.733381797,3.692757054,4.09641311,0.5
6.783751092,2.190892051,1.618666709,6.5
6.050603522,4.615738703,3.156267158,5.5
8.750753685,8.783124462,0.809009486,2.5
7.789368376,3.328610857,2.345496435,1.5
5.719289771,5.716380668,0.832046188,0.5
2.928916691,7.790738481,4.290051721,3.5
3.045339075,4.235874887,2.939885671,0.5
8.576305612,6.062535234,4.751853544,6.5
0.164508834,6.637342006,1.916480235,4.5
4.92661419,3.476724018,1.881381533,3.5
-0.846541531,0.509247629,2.626608143,7.5
8.061494043,8.922358781,4.896781409,8.5
7.585148907,5.370939625,-2.780295694,2.5
5.00348625,2.207882831,-1.353107912,5.5
4.787488361,3.038635568,4.533506361,4.5
-2.458851762,3.758043925,5.787069058,3.5
6.743516968,1.156299778,1.590452354,8.5
-1.57730476,3.714357996,4.707626859,9.5
-1.95784092,3.60695632,6.34038654,6.5
5.239801131,6.159675501,2.379391969,1.5
2.154557049,4.773161802,1.088945957,1.5
6.234471864,2.284011239,1.045611986,5.5
7.030933417,5.250338477,1.487740934,3.5
7.573197636,4.293292837,3.597347757,2.5
2.926522624,2.118520456,1.658705627,5.5
6.34813287,8.420231351,6.074618267,1.5
5.301900051,4.377976764,1.320637587,6.5
7.478209995,5.959447666,0.568287983,0.5
6.60847124,10.90614216,3.089039332,0.5
7.693665278,5.160625328,2.470621838,2.5
4.604186396,0.565280929,2.925052537,0.5
4.558395632,5.50026125,-2.187752719,9.5
8.023320216,6.89828548,1.699994954,8.5
-1.370966387,2.925587742,-1.667050949,3.5
3.486240783,7.828368825,2.370677523,1.5
1.188216651,12.62903414,3.529978133,4.5
3.852245592,3.317410638,4.359158052,4.5
6.946037786,0.750941554,3.5059355,7.5
7.477181448,4.566412375,2.968155081,4.5
1.955169072,7.119187744,3.550875195,9.5
3.586790262,7.149878386,1.886677406,9.5
5.411074622,4.19761124,1.922997175,9.5
4.124409873,1.586543555,4.040894944,3.5
5.905455666,3.194003762,4.174567786,2.5
6.199792829,12.03304884,1.058339555,8.5
2.210115323,3.156824104,-1.594559481,2.5
4.469509202,10.59864347,-2.590645376,1.5
-1.396283797,4.845187427,-1.245157146,5.5
8.436085132,1.363121176,-0.000143811,9.5
3.112727717,5.243424762,2.894235117,4.5
1.388450078,2.170913017,0.448318178,2.5
4.23816595,2.678977688,1.829331214,0.5
0.714059406,2.904785786,2.738781939,9.5
4.937427147,3.387913134,-0.772421708,6.5
3.31800501,5.720944548,0.299500361,3.5
11.53333613,2.724868323,0.501236709,6.5
8.415396162,5.999095805,0.396421162,7.5
-2.49065951,1.081742374,1.121501162,3.5
6.323980795,4.215487439,3.574358946,6.5
0.805586373,4.849512918,0.985057907,2.5
4.23483446,1.182291922,3.388621005,9.5
5.49321222,3.919301104,2.680654012,7.5
7.243202086,9.47780879,2.383711688,1.5
4.180859152,4.744416546,3.950064812,4.5
9.72890044,7.222863257,6.280321715,6.5
3.557188545,5.472664306,4.934665631,9.5
5.982536362,3.691500483,-1.168067654,5.5
6.994202362,2.316525242,3.059823719,6.5
5.255565778,15.34995109,-0.493688661,6.5
7.642858356,6.128933134,-2.021592614,9.5
5.969639414,13.14532975,-0.421417737,1.5
2.647561449,3.93989701,-2.363824353,4.5
-0.416120054,4.316918833,-0.262550038,3.5
10.57577885,3.809611619,4.708593801,6.5
3.186409734,5.100105917,1.047025936,8.5
5.310079167,1.67895023,7.361443897,4.5
6.689500865,8.015642967,2.781634149,8.5
5.34079099,6.447696435,4.007994576,3.5
2.285821362,4.992685428,1.708012175,5.5
3.596856253,4.312363402,1.440843302,3.5
4.625330158,7.710935768,0.433263987,8.5
9.436875475,3.381889638,2.321633089,6.5
2.41755293,4.185400808,-0.965870675,8.5
7.354005402,3.166560618,0.299867025,1.5
5.92586942,4.933814043,-0.138449158,2.5
4.298419874,4.540327989,2.336676643,7.5
1.829081762,4.090081928,5.031803639,2.5
4.147577136,10.18906781,6.315057758,0.5
4.739929153,4.003865425,-1.511404318,4.5
0.591814777,6.943528028,2.693494636,9.5
5.576546735,5.800591823,0.69179703,2.5
2.533120171,4.105478994,-0.162956223,5.5
4.717278236,2.681509802,2.206760469,3.5
6.008640023,1.793391871,1.056271212,0.5
2.286037822,1.227365498,2.102237623,5.5
4.135230916,3.902396407,3.537011535,8.5
6.050188273,3.819491558,0.129038925,2.5
-0.507577428,1.924552731,1.694578801,0.5
8.107927725,3.63977069,-1.400714467,2.5
12.27338343,5.488713932,1.233494906,6.5
7.878201528,8.363542809,3.977703608,3.5
4.052684015,4.013461371,-1.491396742,6.5
6.28586804,11.97709672,2.78170197,0.5
1.892045664,3.623369916,-0.704000012,7.5
10.63359638,5.453555988,2.437988508,3.5
7.82211321,3.623606055,1.099416695,0.5
7.36203734,8.211380282,1.442942676,4.5
2.372377214,4.800477576,-1.207777543,7.5
5.959847403,1.71649679,0.177862827,9.5
3.325117145,1.605470408,1.613957358,9.5
4.065711744,1.105844291,2.143357728,9.5
3.28997025,6.894408673,1.61737323,8.5
1.922799153,1.978725118,0.717540753,8.5
2.273763239,4.025367074,4.657109358,8.5
4.370307998,3.115547541,1.611073168,5.5
-0.096592253,3.868565925,0.448206257,4.5
6.822801728,2.002952393,0.48270575,1.5
4.646605132,1.448019022,1.848802669,6.5
7.097481001,3.133744459,3.858008359,8.5
5.808945925,9.091470232,1.150864945,2.5
6.482861166,4.231570984,3.743131145,8.5
0.550636932,1.63644826,2.453048911,0.5
1.939206843,7.816122835,0.873347979,3.5
3.659014968,3.842862143,0.365555583,2.5
5.328975774,7.406662352,2.354688092,1.5
8.386209356,4.949032116,1.793345967,6.5
4.130110878,3.903465204,0.190018821,3.5
8.784652154,3.347178613,0.411314707,9.5
6.426274435,5.197734934,3.078256406,4.5
8.522350254,3.724032637,3.043327834,7.5
5.380841204,1.224620207,1.37719921,0.5
3.029552213,0.122093174,3.652255407,6.5
0.555802785,2.021610272,1.300118682,5.5
5.466466988,8.035342599,1.76899462,8.5
7.455654106,3.161755587,4.469643437,6.5
4.122235607,3.663520602,0.920158027,8.5
3.377640751,1.226864183,-2.085910832,9.5
4.074074554,7.068829502,-0.577760308,1.5
1.710220095,6.617683147,2.581697513,1.5
3.520970554,2.220626459,1.568415513,7.5
4.457781931,5.737623697,7.502680553,0.5
5.137523317,6.27089161,-0.830153232,3.5
4.80865064,1.701730862,1.512261982,2.5
6.834005582,2.840286022,2.080501402,7.5
5.327953081,1.177229046,-0.74765886,1.5
10.44204635,4.869391264,4.15837463,7.5
5.936071485,10.47732644,3.487862319,7.5
10.41348132,6.515356178,5.0857213,5.5
2.830635561,7.620545631,3.375044293,2.5
6.579641113,7.225312807,-5.100336608,0.5
4.219247415,3.971534766,0.065893695,6.5
6.800427526,21.86836694,2.623580856,0.5
6.781792387,15.38424437,0.369862114,0.5
-1.558064838,4.987342002,2.566740903,1.5
1.018870551,2.957900922,1.867524271,4.5
0.676959207,3.88564902,0.905006431,6.5
6.205533491,7.435818166,2.136112496,8.5
9.410603843,0.855843553,3.025947472,4.5
4.019557314,2.093477781,4.286192103,0.5
7.436969014,3.873839158,0.212109765,3.5
6.636620311,3.710012312,0.856455124,6.5
1.845103071,1.72328574,0.558713955,7.5
6.192400987,0.625477691,3.695792021,2.5
2.744315784,6.59785724,5.145253708,4.5
9.54880069,5.983095163,4.111442039,8.5
4.902300472,7.953356914,4.682027534,5.5
9.907998972,2.605326038,2.498550747,5.5
3.724824528,4.477356453,0.396588321,3.5
6.7683001,10.1713519,3.359495708,4.5
4.811626323,4.619484658,5.452759676,7.5
-1.06587679,6.017767777,3.012119012,3.5
2.053605423,3.975615046,3.858422923,4.5
6.837533895,4.651662839,-1.086995663,3.5
4.83534161,6.907243072,3.142111844,6.5
1.643803993,2.159774243,1.692156095,5.5
3.120864383,2.035233288,3.106657142,6.5
5.748553222,5.364619157,4.553568519,4.5
2.02094298,8.441754106,0.721175246,3.5
7.924850674,3.010019765,5.011869669,4.5
3.07787148,4.763657002,0.113212853,0.5
10.42658786,0.66510223,2.081663387,4.5
1.760401248,1.183042377,2.613911262,9.5
5.597568332,7.56782671,4.133646153,7.5
0.436920315,3.312065896,1.353707333,7.5
2.829106624,4.707632309,0.128251709,7.5
3.220249055,9.642004317,4.833228234,7.5
6.204009019,4.848271459,2.725285856,8.5
7.826399958,5.623348409,-1.827355754,7.5
5.901457903,7.55973809,2.639844844,9.5
3.880788024,5.995124577,-1.401173596,1.5
7.446465524,3.316627735,3.581831977,3.5
7.396660976,5.271845872,4.77433317,4.5
5.360615846,6.376161728,1.63444425,2.5
6.713742889,2.744783081,0.183213286,0.5
6.238388031,1.733318841,4.453859699,9.5
2.03911435,2.642473608,0.978593401,7.5
7.278704978,2.421946418,0.363056097,1.5
3.028396103,2.271097969,-0.523541088,1.5
3.188244556,2.117723677,-0.935296059,7.5
5.530840467,3.611732694,2.551558373,3.5
4.07748959,2.964670654,1.336507372,0.5
4.604538941,6.163047148,3.576968818,4.5
6.786073022,3.567177831,1.886612069,1.5
8.140498353,5.521468525,1.580627055,7.5
4.406124102,6.719642015,-1.442931028,9.5
5.983034492,8.143982348,0.449072185,0.5
4.285095486,6.354617448,2.208859252,6.5
5.68879068,1.842722261,1.143709725,6.5
6.319993714,4.906050159,4.550093681,2.5
3.149402213,2.397862116,-1.662861038,8.5
5.824510361,20.31262071,1.637604122,2.5
6.803306097,12.80128019,2.22915115,0.5
5.276923854,2.889900862,0.555284806,0.5
10.18952417,3.730277423,2.224005655,7.5
3.174327666,9.725156327,5.322534989,7.5
2.788820685,13.4384363,-0.100777572,7.5
-0.249637919,2.909949527,1.298236966,6.5
7.731447739,5.276459492,-0.838161086,8.5
7.601247659,8.916724795,3.455875029,0.5
4.760321483,3.360795691,5.587890737,4.5
7.695427968,6.872190853,6.283611548,2.5
5.551110269,8.613273458,10.84590661,4.5
5.872370405,5.875534286,9.646840595,8.5
5.338834151,9.858040911,6.488059623,2.5
6.319856567,4.33553401,10.03308621,5.5
5.304987331,0.44893233,6.681807871,0.5
13.36200568,5.234448104,8.212054701,1.5
1.500004909,5.566057551,11.66873355,8.5
-0.562897248,4.04055916,12.51432666,1.5
1.577956566,2.287084706,7.113696225,8.5
1.719969631,4.113670988,7.939978057,3.5
3.699172111,10.10167007,10.07818138,6.5
4.494590365,2.044400963,9.215023727,0.5
4.34439932,6.053264143,7.533956446,7.5
6.624003307,13.24605606,7.58106047,4.5
6.167798612,6.196166366,6.431943026,9.5
7.253686954,3.411512109,3.456039116,2.5
10.3347677,8.571970809,7.686696653,3.5
8.669187655,12.84880354,5.604262782,1.5
1.150231686,4.017190435,7.544119102,9.5
-1.986863549,8.429660987,12.93659881,4.5
7.705794401,4.086576214,8.06777208,0.5
-0.506916051,3.08252513,11.01905538,7.5
5.200270734,7.215755226,5.77857105,5.5
5.106438458,6.073653953,10.55114531,3.5
11.68150423,2.276913524,4.652771574,7.5
4.792357238,5.137362698,7.440147553,8.5
3.478030806,9.931857917,8.581506968,2.5
5.707429018,4.581782439,9.24020543,5.5
5.737414556,12.45804638,7.751475346,4.5
5.210135628,1.189488977,5.835552462,1.5
3.17425847,4.643543648,5.564647576,6.5
1.332219859,5.952974739,6.55568527,9.5
5.949501082,1.453030855,5.961667688,1.5
0.97139229,3.348123535,6.841827724,8.5
1.903446968,5.762546566,6.098952618,5.5
8.993647655,3.748758388,10.48411481,4.5
3.743290415,12.14278399,8.539831457,1.5
4.579034834,9.038369146,8.566934309,2.5
7.699466987,7.596274107,6.32203205,4.5
4.099666983,9.189854799,8.553623195,5.5
8.088097136,0.644019847,8.646024321,3.5
3.964802085,2.683176154,6.127901695,7.5
8.038405593,2.28132946,5.621652507,8.5
6.888003755,6.339522966,4.130129032,7.5
4.360954752,3.994184489,9.745586543,4.5
2.402908075,4.505014753,5.975703348,6.5
1.870675096,1.55329129,8.093475744,6.5
4.189793562,3.744897921,8.166221838,1.5
3.685575933,7.960337421,8.18243256,4.5
3.773977056,9.42621365,6.723590907,3.5
7.950635706,2.253898593,7.547297082,5.5
4.106908568,9.814105094,7.386170542,9.5
8.431036732,3.973404556,10.6991418,4.5
3.405139647,1.221296858,5.687632875,0.5
7.917697184,4.40093361,7.58817573,9.5
3.433248545,3.421105463,10.13280447,9.5
5.529733384,5.726449908,8.842136087,3.5
7.912213471,11.12798562,5.823581286,2.5
3.758083175,7.864350632,9.586303016,7.5
3.685188445,4.581088987,2.596328048,5.5
11.01017183,8.882007139,7.014820422,5.5
7.852980499,9.491198728,11.13549414,6.5
3.703988469,1.878010889,8.996921429,0.5
6.946822212,6.883104834,9.583216647,8.5
3.919771097,5.395284544,7.814093883,9.5
7.117655058,4.80307046,7.239567183,0.5
9.247547205,1.716425608,9.39183272,8.5
0.186452994,4.676192844,12.63411931,9.5
8.086559207,2.034941653,7.46320179,0.5
9.373903342,7.464383813,10.87404142,5.5
5.14241397,4.089731239,6.921394856,6.5
10.23877013,1.839989659,7.139856341,3.5
5.466162543,7.117294399,9.30147057,6.5
1.288640946,2.768438897,6.195894778,7.5
-1.580482837,4.549827433,9.884551319,5.5
3.999778798,3.221143516,4.633466958,6.5
7.140629908,6.679901918,3.15850324,2.5
5.9522232,12.21590085,7.682157878,8.5
6.240831171,1.090456031,8.657763743,4.5
3.268743249,5.15837037,10.55080711,6.5
5.432005404,2.8868173,8.239336643,8.5
0.08400281,8.728611863,9.908858306,2.5
2.719730004,5.087967233,8.48112058,4.5
2.543620711,2.336910932,9.358993056,5.5
6.559186664,5.435176287,6.062459623,4.5
4.957519823,3.811982021,7.847185848,0.5
1.533411895,2.211388682,6.804420233,7.5
4.971425252,9.859838747,7.526021411,0.5
2.930568387,5.992560664,12.59330053,4.5
2.999902539,4.952345627,5.191687799,0.5
7.592448263,2.76725649,8.068354275,9.5
5.340258309,2.31410857,7.358198667,5.5
6.195088538,1.809357263,8.758765414,9.5
7.651909671,7.121749826,11.58535779,3.5
5.540773082,4.273463391,9.824629302,8.5
6.652563566,12.10375452,6.686172459,2.5
7.048892828,3.8304524,5.132467162,9.5
8.51182598,16.14841713,9.695986273,8.5
6.427581762,2.884229772,6.015764204,3.5
9.236698059,7.111986618,6.569474027,6.5
5.067825453,2.380292321,8.930700072,5.5
4.856391769,4.329086942,4.955103366,8.5
10.10400396,4.716324976,11.11249472,2.5
3.470864862,1.540862487,8.2056425,0.5
4.99143512,1.164101432,7.531821302,8.5
7.759601239,3.481835255,9.615649439,2.5
5.449426198,2.935839888,9.612426253,2.5
9.214800337,8.236085053,7.50165814,6.5
8.102364619,0.8329523,10.20466602,3.5
5.874710866,7.342344824,8.734622599,8.5
2.666904385,2.576878485,10.20000546,8.5
6.700088293,4.751780382,8.526949566,9.5
0.852136522,1.972219043,7.617814401,3.5
5.733424027,7.796130187,11.49749156,8.5
7.42531641,1.717942216,6.43358791,1.5
5.639125095,2.307910953,9.26616918,6.5
7.639031493,5.89592803,12.04477903,6.5
11.11662875,5.676208861,7.173303562,0.5
7.771797346,2.097210041,9.269271859,5.5
5.80075234,2.337636856,8.639105827,8.5
6.924984519,1.878050114,7.303508648,2.5
6.276456067,7.910628363,7.992891514,2.5
1.05582949,3.911808792,9.235569599,8.5
3.750766341,2.773345162,12.6569591,4.5
8.674063474,5.126338598,9.772855898,1.5
4.869247383,2.890782487,7.511829028,2.5
6.747269832,7.345296364,4.053755965,6.5
1.980499776,3.665071511,8.498120228,5.5
5.193550227,2.174302345,8.521955007,2.5
6.800875848,9.881249942,6.417038629,6.5
0.915455135,2.293616361,10.01866652,7.5
6.042777896,3.646305219,8.781745446,2.5
4.454470345,2.371976677,9.173800714,4.5
2.181395702,5.858727222,7.02762656,3.5
4.887400434,5.365952258,6.632291236,7.5
-0.688913481,1.374780154,7.065150447,1.5
-1.383930305,0.717358034,5.778838859,9.5
1.469230008,12.86327785,6.954918157,2.5
2.028403339,4.312980249,9.453684765,4.5
1.480903018,6.081967547,3.489306501,7.5
-0.176283369,4.376873552,4.456055217,6.5
5.864684269,2.347939495,8.053179786,1.5
0.217448839,2.482834078,8.656986044,6.5
5.330656548,3.325984257,6.102340245,1.5
7.361200029,9.582528811,9.072884342,9.5
4.993319641,3.040731272,10.51804385,8.5
5.27932628,3.082086694,9.367485646,5.5
3.86552883,5.899700852,4.873210703,6.5
0.551971667,2.338552263,6.538872641,9.5
4.868544244,2.569148355,6.292378685,1.5
7.882475635,8.371933845,7.322494462,7.5
10.2147348,12.0844341,6.657430753,8.5
3.709381273,6.533587928,6.316770789,7.5
0.118031791,9.512023379,11.81982678,1.5
5.499042477,4.405309475,7.334061585,4.5
6.128797731,2.78368516,7.695146918,0.5
4.319148606,5.477222463,8.572724516,3.5
1.553263131,4.734786537,4.535556017,1.5
11.0729978,4.311097552,5.716733879,4.5
-2.078570533,3.10930291,8.939729597,5.5
3.470083863,3.392995598,8.702779307,7.5
1.035123228,2.376061392,5.677963287,4.5
3.091615251,4.491892594,10.25131607,5.5
5.953554257,5.211027257,7.866521898,9.5
5.414143923,6.85371734,8.283381298,8.5
2.867794776,1.485072689,8.218567309,5.5
7.33101058,5.987132568,6.90005508,9.5
6.867181773,2.114848766,4.337437818,0.5
6.942142654,4.431246113,7.738246145,8.5
3.723104955,5.19085206,4.870057932,3.5
8.145742282,10.54902715,7.670666618,2.5
6.982121259,0.97431324,8.414692935,8.5
12.52631742,2.135765279,8.395924493,3.5
8.190378917,2.819281686,5.227456168,1.5
8.47076496,2.367317665,8.733199962,0.5
5.158936482,7.805074524,5.579067793,9.5
1.134841991,6.66158264,8.503344921,6.5
3.886336258,3.925100839,9.206402645,8.5
2.726624251,13.65293718,11.19681177,9.5
3.308093249,3.797162175,3.898391623,6.5
6.66541568,2.352623969,9.658524358,9.5
3.329665808,11.56577602,7.675689777,2.5
2.314660594,2.602759651,7.849379734,8.5
3.772016835,6.794969166,6.875191665,9.5
4.5173397,6.454130438,8.468309449,3.5
6.228003291,3.959428225,7.482762923,0.5
2.142092009,6.110267585,6.762473105,7.5
5.951952417,2.608035231,6.922788555,0.5
5.234060243,4.830623927,9.232563892,7.5
8.973156347,4.722393038,8.983254128,4.5
4.360488541,3.998578608,10.20123978,6.5
4.596564066,4.222478651,8.72588925,1.5
1.485932546,7.481616602,7.708211878,5.5
0.84421195,2.298622656,5.72325672,6.5
5.931524956,8.858802374,8.629567852,0.5
4.251532807,2.669225102,7.386829853,4.5
6.511232167,4.638222545,8.44303063,8.5
2.32201579,2.501898625,9.749159257,1.5
10.72553699,4.800711022,7.014305098,4.5
5.366692102,5.341641479,7.035479111,6.5
8.141099801,9.505765211,7.48161312,2.5
4.319239402,1.164028905,8.425192583,9.5
4.512494175,2.823507645,12.0738742,6.5
7.070155694,5.012054196,6.254210336,2.5
6.667270314,0.18902801,10.67985377,5.5
1.639234996,3.402382091,7.569135173,8.5
0.401920958,5.687270341,9.795792513,5.5
1.706396691,6.624814152,8.119413523,7.5
0.752680035,2.021087465,6.93157636,8.5
5.178711766,5.885732307,7.481600631,8.5
3.766247223,2.200915852,9.917748105,1.5
3.895967801,5.322736604,10.53357118,1.5
0.917110612,7.257005975,9.922043207,1.5
7.338702286,3.675321703,6.872477255,0.5
6.318233335,13.0712326,5.422352196,0.5
4.731132549,4.58699813,8.801735379,5.5
8.063540354,5.977340837,9.055960508,6.5
2.378061605,5.073884734,2.974898521,9.5
6.244100879,7.663574258,8.048461876,7.5
6.0453236,9.787324482,12.19112018,3.5
6.04776325,0.803616684,7.623126895,4.5
2.812258197,2.145137595,6.711615749,2.5
5.980520746,3.364781256,5.984466851,7.5
3.455355101,5.113166649,4.378080487,1.5
2.310661548,2.610934801,7.021120002,7.5
1.390195441,7.113839021,8.602857677,8.5
8.113446918,1.420344012,6.032185599,7.5
2.462167363,4.962489792,8.506932346,3.5
4.481258467,6.595050086,9.575936864,5.5
1.374043836,3.736456403,6.813408144,4.5
4.1086196,5.826978247,8.984407481,0.5
-4.696113388,1.910513104,9.130969344,8.5
1.739122312,4.724762196,7.914388918,6.5
0.720691522,4.245255639,11.91289703,2.5
1.956647697,6.336647251,5.455595615,9.5
4.360198435,7.169791431,8.550132151,1.5
4.023956659,4.3148362,6.14651173,2.5
10.83319338,2.147723224,6.55647638,4.5
3.284680345,2.074846749,8.881947757,2.5
4.249903166,3.770306272,10.18578905,1.5
0.292053589,5.444637242,8.34020612,7.5
3.567852009,7.675631162,10.60969956,1.5
0.986070039,3.439594231,6.139737396,5.5
5.090897071,5.238300434,8.67631617,2.5
7.559260303,4.19387148,6.938212141,4.5
6.212760395,5.776559739,6.485286433,9.5
2.89813936,4.480500264,2.736880019,2.5
0.108371322,5.305376053,9.520364249,0.5
9.380039555,3.778281978,11.74970052,9.5
11.1501282,4.036928208,8.999281119,6.5
5.361501799,5.597275321,10.7526461,5.5
2.030295187,1.525815205,8.117960853,5.5
8.593314423,6.43069675,5.539160811,1.5
3.222031345,1.031207834,6.255056554,9.5
3.59057191,2.678473465,6.394668182,3.5
7.659132131,1.533709484,10.20475232,6.5
0.844340597,5.08451967,7.039277128,3.5
-0.870261863,5.860945623,8.182884574,0.5
6.262051101,3.691402011,5.333702801,5.5
6.202213994,5.907321849,7.63387015,5.5
5.285426474,5.696813874,4.748266382,2.5
6.490053175,2.726224424,6.595152924,0.5
8.246721788,10.69403147,9.518984503,8.5
7.911343365,4.875375968,11.419307,0.5
3.294291289,3.731701586,8.970882314,3.5
7.42991622,5.38224579,8.194476489,7.5
5.519742115,8.401796952,10.14652228,9.5
3.483372294,3.166371441,9.456038915,5.5
1.420082627,4.163662377,3.10225852,7.5
6.940912817,5.757191032,4.416866748,7.5
3.939132202,2.305502676,6.33328871,6.5
5.13930358,7.116871744,6.252783043,6.5
2.621157493,6.539086502,4.799538734,9.5
0.348456576,7.542299689,6.643492697,5.5
5.514759066,10.7753706,6.137646986,3.5
4.813582626,4.665777046,10.20044312,6.5
8.597083632,3.265214797,6.780049333,4.5
7.405112211,8.950136,5.447967508,1.5
8.159913737,9.37373914,7.167467567,4.5
2.753369742,3.032533563,6.630065162,5.5
2.191020509,2.672039077,8.524321083,3.5
1.192739681,10.2640649,7.53742852,3.5
6.493941869,2.997053529,5.028966183,7.5
13.36724338,3.691396213,9.160646335,5.5
7.182716111,0.181492696,7.272097258,4.5
2.680807694,3.10947613,6.799940063,0.5
7.509901263,2.289511027,6.296407728,2.5
1.61500907,2.971721789,9.587775962,4.5
0.726589726,1.898831272,7.782140329,6.5
7.152326947,3.578828446,4.8943739,7.5
2.666283439,1.340841609,12.34158873,9.5
5.947957642,5.65635927,7.316607684,9.5
9.219605414,4.826810383,8.542115707,0.5
6.203373907,7.121477695,8.709654262,9.5
7.788980853,15.65780309,5.386948458,1.5
0.182593386,5.612880834,10.44228506,9.5
6.984608732,2.178441065,8.502234852,5.5
11.41550676,13.40442477,8.287307174,2.5
6.62341824,4.210560069,10.70128004,0.5
0.377368454,3.601301346,8.31819029,3.5
4.390571616,3.291460086,4.555430295,8.5
3.500104335,2.106524705,7.967880444,0.5
6.149071738,2.852131007,10.33398683,3.5
6.236106134,5.064344638,10.42526567,1.5
6.216477652,3.934580856,8.52935202,1.5
3.908657747,9.193214202,4.613053124,0.5
3.20218388,4.431033787,10.19288433,7.5
3.231233026,5.89013684,7.885231096,0.5
7.560622502,14.51967353,8.383785514,6.5
-0.559024214,7.590563267,10.56254466,1.5
4.378090521,2.933763312,8.805513678,6.5
5.811134608,12.21465852,0.555577506,4.5
3.041686964,2.715610028,4.672527253,2.5
6.431681855,4.784664279,6.343982935,8.5
4.78604105,6.084926862,5.417413907,8.5
2.185096135,2.113071009,8.306928245,9.5
5.484090604,1.652611272,8.30391932,0.5
4.195451354,5.528554087,6.613773619,6.5
3.770382057,2.139956462,10.33891519,0.5
2.866031868,11.42336142,6.423835032,1.5
5.184336451,5.458817053,7.308813991,1.5
-0.538387708,4.841032801,6.665244129,3.5
3.805000642,1.406073438,6.207073404,2.5
3.369355635,16.39779477,8.109234166,3.5
2.264304487,0.652451516,5.211687816,2.5
6.958095773,6.974277072,7.375616658,3.5
2.797186224,3.88334284,9.660648783,4.5
6.621899269,1.89408498,9.627560364,6.5
7.927522654,10.85589916,4.107846255,7.5
4.529388756,1.693091697,8.813438377,2.5
5.833397965,1.526198828,7.084032005,8.5
6.918551909,6.900390121,8.901072522,7.5
4.757065955,3.383791194,8.344237054,8.5
6.622610431,12.996646,7.367839567,1.5
1.212305466,3.260886744,7.973367391,0.5
8.331271522,3.559466991,9.215804702,6.5
2.031311963,3.548911118,9.45204946,7.5
-0.486507803,5.080995527,6.500621511,1.5
9.153495534,7.113151264,5.345293314,0.5
4.811819618,8.386191081,7.161895341,5.5
6.34676336,6.474993738,10.03999465,8.5
3.910224583,1.736861965,8.685624948,8.5
1.938249821,1.01360231,8.787998407,0.5
-4.218965618,4.397029084,7.114933678,7.5
6.878836993,0.984874797,6.46868045,9.5
4.1399464,3.612794311,12.15406494,4.5
4.407971279,1.740999872,7.789669967,0.5
6.216816118,3.637448756,7.933505081,2.5
0.741954618,3.819344521,7.45260632,7.5
2.811664286,3.316333831,8.139429864,0.5
8.441983525,5.291721345,7.36098068,4.5
6.793593899,3.147044717,5.911565961,5.5
1.156156223,1.331818708,8.985885479,9.5
-1.609792727,6.372970966,10.8795773,2.5
3.286261041,6.996335442,8.369737632,1.5
5.641989436,5.53642326,6.51170183,6.5
7.8271308,10.54356394,8.11285639,1.5
5.281176472,5.712222315,10.04060693,9.5
1.633064835,1.608547519,11.56628661,2.5
5.918473456,5.365140789,5.189512502,6.5
1.482995397,5.862926116,8.228019878,8.5
2.117100309,4.634508354,7.133432029,8.5
3.038794951,4.403847281,9.089203193,4.5
1.311819053,4.30760179,8.337832916,7.5
4.18710461,4.0725226,6.822743589,9.5
2.300149798,3.053925678,4.385623603,9.5
4.142941587,7.817207793,5.571649407,2.5
3.612735367,2.110648569,6.787199194,5.5
3.770644356,5.072167337,7.452595686,7.5
3.489383048,4.406572345,10.3514863,1.5
8.699891338,4.759812361,6.810855943,7.5
6.830915653,2.641758584,8.744067822,4.5
5.177216465,7.843606927,9.81164716,5.5
0.599159809,9.973988745,8.463325934,2.5
0.122590201,2.809011145,8.169595944,0.5
-0.894257246,9.93847508,6.778905133,2.5
12.81558725,4.970163624,9.682639198,9.5
7.917124434,4.428296341,11.25723458,4.5
5.770942909,1.544590804,8.951076011,2.5
2.077278622,6.587584315,8.614628411,7.5
1.560906842,3.702600616,8.470739567,7.5
6.642918513,4.619120442,10.06807698,0.5
9.695251955,15.31239285,7.338205095,8.5
-0.080030984,3.84262937,6.975614011,7.5
3.65180792,2.768202427,9.063727637,3.5
4.747123782,6.492223401,7.387037467,6.5
-0.975991533,8.55261653,9.783647382,2.5
7.523736999,4.051894624,5.072262345,9.5
3.756023248,2.762178506,10.65273208,2.5
10.73654252,7.012286014,6.538761791,1.5
3.827303803,11.5365366,8.477098831,7.5
6.227546248,5.244507382,7.064241428,4.5
1.572715496,5.888493349,9.42714123,6.5
3.125408673,2.026472667,5.165007494,9.5
1.49383145,5.451727903,5.865412537,3.5
6.177725844,3.263773167,11.26475939,0.5
8.905518513,5.013880891,6.049221982,7.5
3.219074714,1.664700424,6.603276849,3.5
6.309126175,3.352586292,8.124634204,5.5
3.486912558,0.984766254,6.402590054,1.5
5.30632314,1.996139512,8.293413337,0.5
8.588751622,12.03089496,10.35185213,1.5
5.360848449,2.341249278,8.137367953,8.5
1.889469809,13.06184065,11.45237276,3.5
2.428690283,11.61102864,5.100519674,3.5
4.490377088,4.498845897,7.430714119,6.5
4.42499516,11.47326156,6.251916892,8.5
2.402554377,2.724703978,8.737000392,7.5
5.541992401,2.228505901,5.47666303,3.5
8.799585427,10.58839577,4.48081099,1.5
4.246492138,2.459601556,7.212933739,6.5
4.386289848,2.586577981,4.369924912,0.5
-1.604565718,7.024295273,6.203789792,2.5
2.676460686,4.386208327,6.905395605,6.5
0.820182248,9.190550922,4.659215803,5.5
3.841296047,3.852219267,9.12783875,3.5
6.57675905,4.005663558,8.611224721,9.5
9.569807826,2.755389205,6.745702585,1.5
10.39548336,5.714781723,5.215321632,7.5
4.649347199,5.197537109,7.449408744,1.5
4.039411439,7.963760727,7.664299747,4.5
7.45254885,4.144785864,3.654105641,8.5
6.470477566,5.027126644,10.61483508,3.5
7.29575348,3.427374159,8.871059394,0.5
7.334837136,10.14165806,4.492908224,5.5
0.55908448,13.62423241,11.95615895,2.5
6.621091879,4.400467485,7.692906867,1.5
4.725382934,11.03595709,5.053218559,6.5
2.719242869,3.448179473,6.147910651,4.5
2.919213671,6.513135043,8.525414408,1.5
8.844373258,0.685635951,5.120410754,1.5
2.570787168,1.182875204,7.052911105,2.5
1.289544942,9.892211498,7.796988304,1.5
5.644059344,12.7823588,7.150061335,3.5
11.0323153,3.647529221,8.407333727,9.5
5.0766633,3.031245615,6.575973084,5.5
5.924898309,0.430598016,7.498967518,2.5
2.185258368,5.20922146,8.381454736,4.5
10.02264786,13.58784727,3.559826119,6.5
5.374964522,2.040227767,4.16358593,5.5
6.59030377,7.536459821,5.865843222,6.5
2.14379533,2.810489412,8.159707671,8.5
7.562128455,1.785713365,8.405589342,3.5
6.167437204,2.713568641,6.537756928,7.5
1.531996745,7.853172769,10.62486702,1.5
5.119220381,9.651944786,10.26600857,0.5
3.648204189,5.079837294,7.645787076,3.5
5.327743825,6.421915659,14.65107165,8.5
4.248341473,8.09871933,7.269380037,3.5
4.430295036,6.666069235,9.966785065,9.5
1.901259457,5.393779448,7.873956856,6.5
4.030124236,1.063669298,4.550296278,3.5
7.299580562,3.005445268,11.75966875,9.5
10.23401954,4.848088956,5.872896939,8.5
1.518440221,4.426926703,8.14746226,8.5
12.13223556,7.938498431,11.84162982,2.5
9.578233888,9.124266535,9.285462302,2.5
5.505522501,9.89597113,8.741993353,7.5
4.096380412,2.145448547,7.709160331,7.5
2.904037188,6.305135001,8.490403797,4.5
7.498311727,1.948246627,11.78033598,9.5
2.916184237,5.420515382,7.078079923,4.5
3.614351021,2.180993015,7.556921928,9.5
7.65085141,4.298786511,7.088843693,4.5
6.307832546,2.209561524,7.175901152,5.5
7.690242089,6.716605675,7.655036804,7.5
6.514196084,4.639298154,9.237748258,3.5
3.797308593,2.076457203,8.176418935,4.5
3.458455964,3.34449652,6.478559684,1.5
7.389102789,4.933087461,11.30392293,7.5
2.986429508,2.972180781,6.260860583,5.5
8.559977129,14.0052225,7.339126756,6.5
7.372105912,2.676758671,8.160194812,7.5
5.863164484,3.667398987,4.635589636,2.5
5.009678344,12.23670777,5.981836599,8.5
6.096851562,1.731473877,5.412676285,9.5
15.58003346,1.32152477,2.671406075,2.5
4.662690012,3.820765895,12.26600002,7.5
0.330218195,5.488237689,6.539293139,3.5
10.74530689,2.359861519,9.680118955,2.5
6.82953816,4.03461094,8.034388163,1.5
3.056265131,5.708713483,6.011723339,6.5
12.85200474,7.384193756,7.919220397,5.5
6.652851262,1.815582372,8.809489142,8.5
5.882611053,7.29754321,5.714372875,2.5
2.666468605,3.379752039,10.39620889,1.5
1.805209712,2.261369048,10.39367745,4.5
-0.305242097,3.750731827,7.805247044,4.5
3.731241392,3.026121912,9.228694811,7.5
1.840692712,3.584075843,5.562797885,1.5
6.943265735,3.007548922,9.143747583,0.5
4.047115434,5.627791072,7.743379958,6.5
10.30697471,2.512598874,11.21703591,0.5
9.531747186,7.434806677,6.085853729,1.5
5.492030951,1.453213244,12.02301843,6.5
4.151708856,2.759698466,8.040169747,5.5
8.456497424,1.348277227,8.891015544,5.5
1.560477104,4.037935727,10.89905861,8.5
